<?xml version="1.0" encoding="UTF-8"?> 
<databaseChangeLog
  xmlns="http://www.liquibase.org/xml/ns/dbchangelog"
  xmlns:xsi="http://www.w3.org/2001/XMLSchema-instance"
  xsi:schemaLocation="http://www.liquibase.org/xml/ns/dbchangelog
                      http://www.liquibase.org/xml/ns/dbchangelog/dbchangelog-3.4.xsd">

  <include file="changelog-4.0-clean.xml" relativeToChangelogFile="true" />

  <include file="changelog-3.3.xml" relativeToChangelogFile="true" />
  <include file="changelog-3.5.xml" relativeToChangelogFile="true" />
  <include file="changelog-3.6.xml" relativeToChangelogFile="true" />
  <include file="changelog-3.7.xml" relativeToChangelogFile="true" />
  <include file="changelog-3.8.xml" relativeToChangelogFile="true" />
  <include file="changelog-3.9.xml" relativeToChangelogFile="true" />
  <include file="changelog-3.10.xml" relativeToChangelogFile="true" />
  <include file="changelog-3.11.xml" relativeToChangelogFile="true" />
  <include file="changelog-3.12.xml" relativeToChangelogFile="true" />
  <include file="changelog-3.14.xml" relativeToChangelogFile="true" />
  <include file="changelog-3.15.xml" relativeToChangelogFile="true" />
  <include file="changelog-3.16.xml" relativeToChangelogFile="true" />
  <include file="changelog-3.17.xml" relativeToChangelogFile="true" />
  <include file="changelog-4.0.xml" relativeToChangelogFile="true" />

  <include file="changelog-4.1.xml" relativeToChangelogFile="true" />
  <include file="changelog-4.7.xml" relativeToChangelogFile="true" />
  <include file="changelog-4.9.xml" relativeToChangelogFile="true" />
  <include file="changelog-4.10.xml" relativeToChangelogFile="true" />

</databaseChangeLog>
